,animal,session,trials_at_start,tracking_files,back_tracking
0,EJT27,Session20,3904,Z:\projects\Emmett\tracking_analysis\training_tracking\tracking\EJT27\Session20\EJT272020-01-30T14_30_20DLC_resnet50_Normal_tracking_back_and_portsApr25shuffle1_800000.h5,"coords           x           y  likelihood  interped_x  interped_y
0       139.023376  467.552155    0.001451  139.023376  467.552155
1       139.023376  467.552155    0.001457  139.023376  467.552155
2       139.023376  467.552155    0.001419  139.023376  467.552155
3       139.023376  467.552155    0.001384  139.023376  467.552155
4       139.023376  467.552155    0.001380  139.023376  467.552155
...            ...         ...         ...         ...         ...
56249   500.545166  558.705078    0.999924  500.545166  558.705078
56250   505.048676  557.986267    0.999923  505.048676  557.986267
56251   510.028198  552.939758    0.999935  510.028198  552.939758
56252   518.053284  540.193848    0.999919  518.053284  540.193848
56253   531.245300  524.131165    0.999983  531.245300  524.131165

[56254 rows x 5 columns]"
1,EJT27,Session29,6604,Z:\projects\Emmett\tracking_analysis\training_tracking\tracking\EJT27\Session29\EJT272020-02-11T13_22_40DLC_resnet50_Normal_tracking_back_and_portsApr25shuffle1_800000.h5,"coords           x           y  likelihood  interped_x  interped_y
0       427.307159  797.175659    0.001081  427.307159  797.175659
1       427.307159  797.175659    0.001065  427.307159  797.175659
2       427.307159  797.175659    0.000985  427.307159  797.175659
3       427.307159  797.175659    0.000984  427.307159  797.175659
4       427.307159  797.175659    0.000972  427.307159  797.175659
...            ...         ...         ...         ...         ...
87379   369.954559  883.149170    0.998499  369.954559  883.149170
87380   359.934021  887.475220    0.997988  359.934021  887.475220
87381   357.965820  887.480164    0.999204  357.965820  887.480164
87382   357.633575  889.105042    0.999627  357.633575  889.105042
87383   358.228119  889.324585    0.999227  358.228119  889.324585

[87384 rows x 5 columns]"
2,EJT27,Sesssion9,1005,Z:\projects\Emmett\tracking_analysis\training_tracking\tracking\EJT27\Sesssion9\EJT27EarlyTrainingVideo2020-01-15T14_17_55DLC_resnet50_Normal_tracking_back_and_portsApr25shuffle1_800000.h5,"coords           x           y  likelihood  interped_x  interped_y
0       593.672607  818.317444    0.001064  593.672607  818.317444
1       593.672607  818.317444    0.001026  593.672607  818.317444
2       593.672607  818.317444    0.001022  593.672607  818.317444
3       593.672607  818.317444    0.001072  593.672607  818.317444
4       593.672607  818.317444    0.001040  593.672607  818.317444
...            ...         ...         ...         ...         ...
240519  374.863464  730.738525    0.998263  374.863464  730.738525
240520  376.822876  733.203186    0.998923  376.822876  733.203186
240521  377.017731  736.669006    0.998067  377.017731  736.669006
240522  375.607758  742.237976    0.999655  375.607758  742.237976
240523  373.949036  748.315796    0.999181  373.949036  748.315796

[240524 rows x 5 columns]"
3,EJT29,Session10,846,Z:\projects\Emmett\tracking_analysis\training_tracking\tracking\EJT29\Session10\EarlyTrainingEJT29video2020-01-15T14_34_21DLC_resnet50_Normal_tracking_back_and_portsApr25shuffle1_800000.h5,"coords           x           y  likelihood  interped_x  interped_y
0       558.389832  398.183960    0.001017  558.389832  398.183960
1       558.389832  398.183960    0.001043  558.389832  398.183960
2       558.389832  398.183960    0.001072  558.389832  398.183960
3       558.389832  398.183960    0.001066  558.389832  398.183960
4       558.389832  398.183960    0.001064  558.389832  398.183960
...            ...         ...         ...         ...         ...
170762  849.395813  648.319275    0.683918  849.395813  648.319275
170763  849.395813  648.319275    0.719990  849.395813  648.319275
170764  849.395813  648.319275    0.404176  849.395813  648.319275
170765  849.395813  648.319275    0.103454  849.395813  648.319275
170766  849.395813  648.319275    0.034235  849.395813  648.319275

[170767 rows x 5 columns]"
4,EJT29,Session19,3006,Z:\projects\Emmett\tracking_analysis\training_tracking\tracking\EJT29\Session19\EJT292020-01-30T13_28_24DLC_resnet50_Normal_tracking_back_and_portsApr25shuffle1_800000.h5,"coords           x           y  likelihood  interped_x  interped_y
0       616.039917  699.946838    0.000471  616.039917  699.946838
1       616.039917  699.946838    0.000458  616.039917  699.946838
2       616.039917  699.946838    0.000480  616.039917  699.946838
3       616.039917  699.946838    0.000474  616.039917  699.946838
4       616.039917  699.946838    0.000463  616.039917  699.946838
...            ...         ...         ...         ...         ...
88237   480.132156  873.547348    0.970958  480.132156  873.547348
88238   479.067955  869.843712    0.972006  479.067955  869.843712
88239   478.003754  866.140076    0.997878  478.003754  866.140076
88240   475.020264  868.704834    0.999055  475.020264  868.704834
88241   472.519775  870.619629    0.997186  472.519775  870.619629

[88242 rows x 5 columns]"
5,EJT29,Session37,8435,Z:\projects\Emmett\tracking_analysis\training_tracking\tracking\EJT29\Session37\EJT292020-03-02T12_35_39DLC_resnet50_Normal_tracking_back_and_portsApr25shuffle1_800000.h5,"coords           x           y  likelihood  interped_x  interped_y
0       824.629761  611.964539    0.000698  824.629761  611.964539
1       824.629761  611.964539    0.000790  824.629761  611.964539
2       824.629761  611.964539    0.000816  824.629761  611.964539
3       824.629761  611.964539    0.000792  824.629761  611.964539
4       824.629761  611.964539    0.000803  824.629761  611.964539
...            ...         ...         ...         ...         ...
79908   646.541199  804.938110    0.927772  646.541199  804.938110
79909   646.541199  804.938110    0.666899  646.541199  804.938110
79910   646.541199  804.938110    0.132371  646.541199  804.938110
79911   646.541199  804.938110    0.005226  646.541199  804.938110
79912   646.541199  804.938110    0.007036  646.541199  804.938110

[79913 rows x 5 columns]"
6,EJT29,Session49,13022,Z:\projects\Emmett\tracking_analysis\training_tracking\tracking\EJT29\Session49\EJT292020-03-16T12_54_25DLC_resnet50_Normal_tracking_back_and_portsApr25shuffle1_800000.h5,"coords           x           y  likelihood  interped_x  interped_y
0       546.144714  752.913025    0.000553  546.144714  752.913025
1       546.144714  752.913025    0.000549  546.144714  752.913025
2       546.144714  752.913025    0.000539  546.144714  752.913025
3       546.144714  752.913025    0.000540  546.144714  752.913025
4       546.144714  752.913025    0.000511  546.144714  752.913025
...            ...         ...         ...         ...         ...
78043   325.484528  677.075928    0.998758  325.484528  677.075928
78044   323.216705  693.437378    0.999697  323.216705  693.437378
78045   319.933289  699.648499    0.999415  319.933289  699.648499
78046   316.800476  705.713623    0.999943  316.800476  705.713623
78047   322.320190  697.885681    0.999090  322.320190  697.885681

[78048 rows x 5 columns]"
7,EJT30,Session37,7822,Z:\projects\Emmett\tracking_analysis\training_tracking\tracking\EJT30\Session37\EJT302020-03-02T13_28_34DLC_resnet50_Normal_tracking_back_and_portsApr25shuffle1_800000.h5,"coords           x           y  likelihood  interped_x  interped_y
0       452.761658  691.276428    0.003033  452.761658  691.276428
1       452.761658  691.276428    0.002930  452.761658  691.276428
2       452.761658  691.276428    0.002912  452.761658  691.276428
3       452.761658  691.276428    0.002877  452.761658  691.276428
4       452.761658  691.276428    0.002813  452.761658  691.276428
...            ...         ...         ...         ...         ...
59900   935.601074  635.113831    0.999837  935.601074  635.113831
59901   936.049438  634.645325    0.999822  936.049438  634.645325
59902   935.753052  633.902405    0.999807  935.753052  633.902405
59903   935.049011  632.472778    0.999878  935.049011  632.472778
59904   934.651123  631.909790    0.999840  934.651123  631.909790

[59905 rows x 5 columns]"
8,EJT30,Session49,12113,Z:\projects\Emmett\tracking_analysis\training_tracking\tracking\EJT30\Session49\EJT492020-03-16T13_39_02DLC_resnet50_Normal_tracking_back_and_portsApr25shuffle1_800000.h5,"coords           x           y  likelihood  interped_x  interped_y
0       361.937317  772.011536    0.000617  361.937317  772.011536
1       361.937317  772.011536    0.000600  361.937317  772.011536
2       361.937317  772.011536    0.000619  361.937317  772.011536
3       361.937317  772.011536    0.000587  361.937317  772.011536
4       361.937317  772.011536    0.000591  361.937317  772.011536
...            ...         ...         ...         ...         ...
107587  464.212036  441.230835    0.999882  464.212036  441.230835
107588  460.395905  438.133850    0.999972  460.395905  438.133850
107589  457.447998  436.115082    0.999965  457.447998  436.115082
107590  455.031403  435.771698    0.999965  455.031403  435.771698
107591  450.708923  437.995972    0.999984  450.708923  437.995972

[107592 rows x 5 columns]"
9,EJT30,Session9,1584,Z:\projects\Emmett\tracking_analysis\training_tracking\tracking\EJT30\Session9\EarlyTrainingEJT30video2020-01-16T14_48_36DLC_resnet50_Normal_tracking_back_and_portsApr25shuffle1_800000.h5,"coords           x           y  likelihood  interped_x  interped_y
0       511.327118  672.240356    0.001085  511.327118  672.240356
1       511.327118  672.240356    0.001181  511.327118  672.240356
2       511.327118  672.240356    0.001029  511.327118  672.240356
3       511.327118  672.240356    0.001054  511.327118  672.240356
4       511.327118  672.240356    0.001124  511.327118  672.240356
...            ...         ...         ...         ...         ...
298517    0.000000    0.000000    0.001019    0.000000    0.000000
298518    0.000000    0.000000    0.001022    0.000000    0.000000
298519    0.000000    0.000000    0.001016    0.000000    0.000000
298520    0.000000    0.000000    0.000985    0.000000    0.000000
298521    0.000000    0.000000    0.001689    0.000000    0.000000

[298522 rows x 5 columns]"
10,EJT34,Session10,757,Z:\projects\Emmett\tracking_analysis\training_tracking\tracking\EJT34\Session10\EJT342020-02-11T11_55_14DLC_resnet50_Normal_tracking_back_and_portsApr25shuffle1_800000.h5,"coords           x           y  likelihood  interped_x  interped_y
0       308.957123  757.428162    0.000449  308.957123  757.428162
1       308.957123  757.428162    0.000454  308.957123  757.428162
2       308.957123  757.428162    0.000452  308.957123  757.428162
3       308.957123  757.428162    0.000436  308.957123  757.428162
4       308.957123  757.428162    0.000438  308.957123  757.428162
...            ...         ...         ...         ...         ...
142939  706.585083  598.703796    0.776290  706.585083  598.703796
142940  706.585083  598.703796    0.736527  706.585083  598.703796
142941  706.585083  598.703796    0.606565  706.585083  598.703796
142942  706.585083  598.703796    0.961541  706.585083  598.703796
142943  706.585083  598.703796    0.968820  706.585083  598.703796

[142944 rows x 5 columns]"
11,EJT34,Session28,5537,Z:\projects\Emmett\tracking_analysis\training_tracking\tracking\EJT34\Session28\EJT342020-03-11T11_16_10DLC_resnet50_Normal_tracking_back_and_portsApr25shuffle1_800000.h5,"coords           x           y  likelihood  interped_x  interped_y
0       928.054749  525.242065    0.000736  928.054749  525.242065
1       928.054749  525.242065    0.000782  928.054749  525.242065
2       928.054749  525.242065    0.000770  928.054749  525.242065
3       928.054749  525.242065    0.000802  928.054749  525.242065
4       928.054749  525.242065    0.000810  928.054749  525.242065
...            ...         ...         ...         ...         ...
514580  343.396088  593.279175    0.999895  343.396088  593.279175
514581  343.409851  593.168396    0.999888  343.409851  593.168396
514582  343.342285  593.054016    0.999883  343.342285  593.054016
514583  343.887512  592.813660    0.999851  343.887512  592.813660
514584  343.955200  592.807800    0.999793  343.955200  592.807800

[514585 rows x 5 columns]"
12,EJT35,Session10,1087,Z:\projects\Emmett\tracking_analysis\training_tracking\tracking\EJT35\Session10\EJT352020-02-11T13_18_01DLC_resnet50_Normal_tracking_back_and_portsApr25shuffle1_800000.h5,"coords           x           y  likelihood  interped_x  interped_y
0       306.134521  527.890198    0.000478  306.134521  527.890198
1       306.134521  527.890198    0.000464  306.134521  527.890198
2       306.134521  527.890198    0.000422  306.134521  527.890198
3       306.134521  527.890198    0.000439  306.134521  527.890198
4       306.134521  527.890198    0.000423  306.134521  527.890198
...            ...         ...         ...         ...         ...
109018  438.671387  674.156677    0.679329  438.671387  674.156677
109019  459.684875  682.793976    0.947682  459.684875  682.793976
109020  480.698364  691.431274    0.999905  480.698364  691.431274
109021  487.299591  692.983459    0.999954  487.299591  692.983459
109022  493.982452  698.588501    0.998049  493.982452  698.588501

[109023 rows x 5 columns]"
13,EJT35,Session28,7047,Z:\projects\Emmett\tracking_analysis\training_tracking\tracking\EJT35\Session28\EJT352020-03-11T12_28_33DLC_resnet50_Normal_tracking_back_and_portsApr25shuffle1_800000.h5,"coords           x           y  likelihood  interped_x  interped_y
0       456.293060  461.251251    0.000524  456.293060  461.251251
1       456.293060  461.251251    0.000561  456.293060  461.251251
2       456.293060  461.251251    0.000555  456.293060  461.251251
3       456.293060  461.251251    0.000576  456.293060  461.251251
4       456.293060  461.251251    0.000560  456.293060  461.251251
...            ...         ...         ...         ...         ...
412741  306.145752  670.607544    0.999478  306.145752  670.607544
412742  306.263763  670.639465    0.999459  306.263763  670.639465
412743  305.981903  670.868835    0.999467  305.981903  670.868835
412744  305.664520  670.754150    0.999632  305.664520  670.754150
412745  305.762054  670.879089    0.999577  305.762054  670.879089

[412746 rows x 5 columns]"
14,EJT35,Session9,857,Z:\projects\Emmett\tracking_analysis\training_tracking\tracking\EJT35\Session9\EJT352020-02-10T15_21_29DLC_resnet50_Normal_tracking_back_and_portsApr25shuffle1_800000.h5,"coords           x           y  likelihood  interped_x  interped_y
0       515.927368  810.554077    0.000379  515.927368  810.554077
1       515.927368  810.554077    0.000399  515.927368  810.554077
2       515.927368  810.554077    0.000397  515.927368  810.554077
3       515.927368  810.554077    0.000386  515.927368  810.554077
4       515.927368  810.554077    0.000392  515.927368  810.554077
...            ...         ...         ...         ...         ...
143114  330.089447  656.777710    0.999539  330.089447  656.777710
143115  353.184082  656.353638    0.999520  353.184082  656.353638
143116  364.121765  651.738037    0.999774  364.121765  651.738037
143117  369.797974  651.056458    0.999918  369.797974  651.056458
143118  379.982574  656.507141    0.999905  379.982574  656.507141

[143119 rows x 5 columns]"
15,EJT41,Session21,3754,Z:\projects\Emmett\tracking_analysis\training_tracking\tracking\EJT41\Session21\EJT412020-07-15T13_47_03DLC_resnet50_Normal_tracking_back_and_portsApr25shuffle1_800000.h5,"coords           x           y  likelihood  interped_x  interped_y
0       678.841309  531.153809    0.000540  678.841309  531.153809
1       678.841309  531.153809    0.000504  678.841309  531.153809
2       678.841309  531.153809    0.000501  678.841309  531.153809
3       678.841309  531.153809    0.000492  678.841309  531.153809
4       678.841309  531.153809    0.000460  678.841309  531.153809
...            ...         ...         ...         ...         ...
205107  660.788574  302.276520    0.999926  660.788574  302.276520
205108  647.295715  303.968414    0.999688  647.295715  303.968414
205109  629.561646  306.806305    0.999836  629.561646  306.806305
205110  613.207947  299.016357    0.998971  613.207947  299.016357
205111  594.331970  291.908722    0.999687  594.331970  291.908722

[205112 rows x 5 columns]"
16,EJT41,Session4,383,Z:\projects\Emmett\tracking_analysis\training_tracking\tracking\EJT41\Session4\EJT412020-06-25T15_50_02DLC_resnet50_Normal_tracking_back_and_portsApr25shuffle1_800000.h5,"coords           x           y  likelihood  interped_x  interped_y
0       496.599884  749.814880    0.001279  496.599884  749.814880
1       496.599884  749.814880    0.001244  496.599884  749.814880
2       496.599884  749.814880    0.001273  496.599884  749.814880
3       496.599884  749.814880    0.001348  496.599884  749.814880
4       496.599884  749.814880    0.001269  496.599884  749.814880
...            ...         ...         ...         ...         ...
599736  508.462280  585.583374    0.000860  508.462280  585.583374
599737  508.462280  585.583374    0.000784  508.462280  585.583374
599738  508.462280  585.583374    0.000794  508.462280  585.583374
599739  508.462280  585.583374    0.000822  508.462280  585.583374
599740  508.462280  585.583374    0.000799  508.462280  585.583374

[599741 rows x 5 columns]"
17,EJT41,Session5,516,Z:\projects\Emmett\tracking_analysis\training_tracking\tracking\EJT41\Session5\EJT412020-06-26T12_29_48DLC_resnet50_Normal_tracking_back_and_portsApr25shuffle1_800000.h5,"coords           x           y  likelihood  interped_x  interped_y
0       608.129883  536.616638    0.999953  608.129883  536.616638
1       608.691711  536.836670    0.999960  608.691711  536.836670
2       608.925720  535.884033    0.999972  608.925720  535.884033
3       610.047180  535.503540    0.999973  610.047180  535.503540
4       610.894714  534.205444    0.999988  610.894714  534.205444
...            ...         ...         ...         ...         ...
351605    0.000000    0.000000    0.000450    0.000000    0.000000
351606    0.000000    0.000000    0.000496    0.000000    0.000000
351607    0.000000    0.000000    0.000478    0.000000    0.000000
351608    0.000000    0.000000    0.000450    0.000000    0.000000
351609    0.000000    0.000000    0.000453    0.000000    0.000000

[351610 rows x 5 columns]"
18,EJT41,Session6,584,Z:\projects\Emmett\tracking_analysis\training_tracking\tracking\EJT41\Session6\EJT412020-06-27T15_56_54DLC_resnet50_Normal_tracking_back_and_portsApr25shuffle1_800000.h5,"coords           x           y  likelihood  interped_x  interped_y
0       591.067810  683.661194    0.000850  591.067810  683.661194
1       591.067810  683.661194    0.000802  591.067810  683.661194
2       591.067810  683.661194    0.000709  591.067810  683.661194
3       591.067810  683.661194    0.000745  591.067810  683.661194
4       591.067810  683.661194    0.000763  591.067810  683.661194
...            ...         ...         ...         ...         ...
320583  549.652710  528.396729    0.999850  549.652710  528.396729
320584  549.698364  528.472656    0.999846  549.698364  528.472656
320585  549.594116  528.553467    0.999855  549.594116  528.553467
320586  549.567078  528.523499    0.999861  549.567078  528.523499
320587  549.429443  528.473755    0.999880  549.429443  528.473755

[320588 rows x 5 columns]"
19,EJT41,Session62,17505,Z:\projects\Emmett\tracking_analysis\training_tracking\tracking\EJT41\Session62\EJT412020-09-18T13_53_08DLC_resnet50_Normal_tracking_back_and_portsApr25shuffle1_800000.h5,"coords           x           y  likelihood  interped_x  interped_y
0       513.794739  566.529114    0.000680  513.794739  566.529114
1       513.794739  566.529114    0.000714  513.794739  566.529114
2       513.794739  566.529114    0.000664  513.794739  566.529114
3       513.794739  566.529114    0.000655  513.794739  566.529114
4       513.794739  566.529114    0.000675  513.794739  566.529114
...            ...         ...         ...         ...         ...
265471    0.000000    0.000000    0.000671    0.000000    0.000000
265472    0.000000    0.000000    0.000682    0.000000    0.000000
265473    0.000000    0.000000    0.000674    0.000000    0.000000
265474    0.000000    0.000000    0.000704    0.000000    0.000000
265475    0.000000    0.000000    0.000698    0.000000    0.000000

[265476 rows x 5 columns]"
20,EJT42,Session15,2267,Z:\projects\Emmett\tracking_analysis\training_tracking\tracking\EJT42\Session15\EJT422020-07-08T13_15_34DLC_resnet50_Normal_tracking_back_and_portsApr25shuffle1_800000.h5,"coords           x           y  likelihood  interped_x  interped_y
0       391.198364  861.026489    0.000454  391.198364  861.026489
1       391.198364  861.026489    0.000452  391.198364  861.026489
2       391.198364  861.026489    0.000458  391.198364  861.026489
3       391.198364  861.026489    0.000462  391.198364  861.026489
4       391.198364  861.026489    0.000447  391.198364  861.026489
...            ...         ...         ...         ...         ...
419797  465.623413  536.775330    0.999961  465.623413  536.775330
419798  459.862610  536.855286    0.999863  459.862610  536.855286
419799  455.268188  532.624268    0.999981  455.268188  532.624268
419800  452.649384  528.454163    0.999922  452.649384  528.454163
419801  448.154602  525.196350    0.999531  448.154602  525.196350

[419802 rows x 5 columns]"
21,EJT42,Session17,2773,Z:\projects\Emmett\tracking_analysis\training_tracking\tracking\EJT42\Session17\EJT422020-07-10T17_40_17DLC_resnet50_Normal_tracking_back_and_portsApr25shuffle1_800000.h5,"coords            x           y  likelihood  interped_x  interped_y
0        572.423523  641.766357    0.000360  572.423523  641.766357
1        572.423523  641.766357    0.000354  572.423523  641.766357
2        572.423523  641.766357    0.000366  572.423523  641.766357
3        572.423523  641.766357    0.000376  572.423523  641.766357
4        572.423523  641.766357    0.000356  572.423523  641.766357
...             ...         ...         ...         ...         ...
1843106    0.000000    0.000000    0.000694    0.000000    0.000000
1843107    0.000000    0.000000    0.000651    0.000000    0.000000
1843108    0.000000    0.000000    0.000659    0.000000    0.000000
1843109    0.000000    0.000000    0.000642    0.000000    0.000000
1843110    0.000000    0.000000    0.000675    0.000000    0.000000

[1843111 rows x 5 columns]"
22,EJT42,Session21,3829,Z:\projects\Emmett\tracking_analysis\training_tracking\tracking\EJT42\Session21\EJT422020-07-15T15_44_48DLC_resnet50_Normal_tracking_back_and_portsApr25shuffle1_800000.h5,"coords           x           y  likelihood  interped_x  interped_y
0       615.490051  748.930786    0.000581  615.490051  748.930786
1       615.490051  748.930786    0.000574  615.490051  748.930786
2       615.490051  748.930786    0.000592  615.490051  748.930786
3       615.490051  748.930786    0.000543  615.490051  748.930786
4       615.490051  748.930786    0.000530  615.490051  748.930786
...            ...         ...         ...         ...         ...
159994  947.060181  852.279358    0.091705  947.060181  852.279358
159995  947.060181  852.279358    0.135230  947.060181  852.279358
159996  947.060181  852.279358    0.019886  947.060181  852.279358
159997  947.060181  852.279358    0.311235  947.060181  852.279358
159998  947.060181  852.279358    0.005170  947.060181  852.279358

[159999 rows x 5 columns]"
23,EJT42,Session34,8931,Z:\projects\Emmett\tracking_analysis\training_tracking\tracking\EJT42\Session34\EJT422020-07-30T14_27_22DLC_resnet50_Normal_tracking_back_and_portsApr25shuffle1_800000.h5,"coords           x           y  likelihood  interped_x  interped_y
0       667.850952  777.887207    0.002447  667.850952  777.887207
1       667.850952  777.887207    0.002290  667.850952  777.887207
2       667.850952  777.887207    0.002234  667.850952  777.887207
3       667.850952  777.887207    0.002310  667.850952  777.887207
4       667.850952  777.887207    0.002330  667.850952  777.887207
...            ...         ...         ...         ...         ...
52038   694.144104  456.674469    0.999973  694.144104  456.674469
52039   694.131653  453.511658    0.999993  694.131653  453.511658
52040   692.986755  454.908295    0.999992  692.986755  454.908295
52041   692.798645  456.292389    0.999985  692.798645  456.292389
52042   693.206848  456.608459    0.999982  693.206848  456.608459

[52043 rows x 5 columns]"
24,EJT42,Session4,385,Z:\projects\Emmett\tracking_analysis\training_tracking\tracking\EJT42\Session4\EJT422020-06-25T17_17_05DLC_resnet50_Normal_tracking_back_and_portsApr25shuffle1_800000.h5,"coords           x           y  likelihood  interped_x  interped_y
0       845.439514  598.241577    0.000847  845.439514  598.241577
1       845.439514  598.241577    0.000869  845.439514  598.241577
2       845.439514  598.241577    0.000870  845.439514  598.241577
3       845.439514  598.241577    0.000855  845.439514  598.241577
4       845.439514  598.241577    0.000809  845.439514  598.241577
...            ...         ...         ...         ...         ...
506427  715.057007  442.329407    0.999987  715.057007  442.329407
506428  715.021301  442.388702    0.999988  715.021301  442.388702
506429  715.154541  442.419495    0.999987  715.154541  442.419495
506430  715.479919  442.337189    0.999987  715.479919  442.337189
506431  715.558350  441.946045    0.999983  715.558350  441.946045

[506432 rows x 5 columns]"
25,EJT42,Session5,595,Z:\projects\Emmett\tracking_analysis\training_tracking\tracking\EJT42\Session5\EJT422020-06-26T17_34_31DLC_resnet50_Normal_tracking_back_and_portsApr25shuffle1_800000.h5,"coords           x           y  likelihood  interped_x  interped_y
0       713.478210  249.388763    0.000450  713.478210  249.388763
1       713.478210  249.388763    0.000427  713.478210  249.388763
2       713.478210  249.388763    0.000410  713.478210  249.388763
3       713.478210  249.388763    0.000433  713.478210  249.388763
4       713.478210  249.388763    0.000419  713.478210  249.388763
...            ...         ...         ...         ...         ...
652986  842.915283  480.155121    0.999785  842.915283  480.155121
652987  845.637085  483.553101    0.999792  845.637085  483.553101
652988  851.055054  487.360107    0.999718  851.055054  487.360107
652989  855.523193  487.593292    0.995570  855.523193  487.593292
652990  861.447876  489.992889    0.997028  861.447876  489.992889

[652991 rows x 5 columns]"
26,EJT52,Session1,64,Z:\projects\Emmett\tracking_analysis\training_tracking\tracking\EJT52\Session1\Camera12020-10-26T13_16_03DLC_resnet50_Normal_tracking_back_and_portsApr25shuffle1_800000.h5,"coords           x           y  likelihood  interped_x  interped_y
0       497.481018  896.264526    0.000560  497.481018  896.264526
1       497.481018  896.264526    0.000510  497.481018  896.264526
2       497.481018  896.264526    0.000517  497.481018  896.264526
3       497.481018  896.264526    0.000527  497.481018  896.264526
4       497.481018  896.264526    0.000535  497.481018  896.264526
...            ...         ...         ...         ...         ...
180804    0.000000    0.000000    0.000000    0.000000    0.000000
180805    0.000000    0.000000    0.000000    0.000000    0.000000
180806    0.000000    0.000000    0.000000    0.000000    0.000000
180807    0.000000    0.000000    0.000000    0.000000    0.000000
180808    0.000000    0.000000    0.000000    0.000000    0.000000

[180809 rows x 5 columns]"
27,EJT52,Session10,2437,Z:\projects\Emmett\tracking_analysis\training_tracking\tracking\EJT52\Session10\Camera12020-11-05T15_30_16DLC_resnet50_Normal_tracking_back_and_portsApr25shuffle1_800000.h5,"coords           x           y  likelihood  interped_x  interped_y
0       437.293640  649.497803    0.000503  437.293640  649.497803
1       437.293640  649.497803    0.000506  437.293640  649.497803
2       437.293640  649.497803    0.000513  437.293640  649.497803
3       437.293640  649.497803    0.000534  437.293640  649.497803
4       437.293640  649.497803    0.000539  437.293640  649.497803
...            ...         ...         ...         ...         ...
244205  571.774963  599.733398    0.999972  571.774963  599.733398
244206  561.911011  600.223511    0.999946  561.911011  600.223511
244207  549.611084  603.621643    0.999976  549.611084  603.621643
244208  531.579102  606.045776    0.999882  531.579102  606.045776
244209  519.059448  603.321045    0.999715  519.059448  603.321045

[244210 rows x 5 columns]"
28,EJT52,Session11,3040,Z:\projects\Emmett\tracking_analysis\training_tracking\tracking\EJT52\Session11\Camera12020-11-06T14_50_42DLC_resnet50_Normal_tracking_back_and_portsApr25shuffle1_800000.h5,"coords           x           y  likelihood  interped_x  interped_y
0       497.580658  816.084473    0.000630  497.580658  816.084473
1       497.580658  816.084473    0.000583  497.580658  816.084473
2       497.580658  816.084473    0.000614  497.580658  816.084473
3       497.580658  816.084473    0.000605  497.580658  816.084473
4       497.580658  816.084473    0.000605  497.580658  816.084473
...            ...         ...         ...         ...         ...
237282  691.211670  870.754822    0.999642  691.211670  870.754822
237283  695.194153  880.142944    0.999882  695.194153  880.142944
237284  699.971680  885.819763    0.999942  699.971680  885.819763
237285  708.500305  895.477417    0.999869  708.500305  895.477417
237286  717.674316  903.333313    0.999874  717.674316  903.333313

[237287 rows x 5 columns]"
29,EJT52,Session12,3545,Z:\projects\Emmett\tracking_analysis\training_tracking\tracking\EJT52\Session12\Camera12020-11-08T14_49_17DLC_resnet50_Normal_tracking_back_and_portsApr25shuffle1_800000.h5,"coords           x           y  likelihood  interped_x  interped_y
0       665.119568  706.814026    0.000458  665.119568  706.814026
1       665.119568  706.814026    0.000459  665.119568  706.814026
2       665.119568  706.814026    0.000461  665.119568  706.814026
3       665.119568  706.814026    0.000444  665.119568  706.814026
4       665.119568  706.814026    0.000463  665.119568  706.814026
...            ...         ...         ...         ...         ...
223604  462.010651  746.984985    0.999394  462.010651  746.984985
223605  461.575043  748.168884    0.999439  461.575043  748.168884
223606  461.634857  747.582886    0.999523  461.634857  747.582886
223607  461.473755  747.731934    0.999530  461.473755  747.731934
223608  461.127533  747.794678    0.999101  461.127533  747.794678

[223609 rows x 5 columns]"
30,EJT52,Session13,4326,Z:\projects\Emmett\tracking_analysis\training_tracking\tracking\EJT52\Session13\Camera12020-11-09T13_30_56DLC_resnet50_Normal_tracking_back_and_portsApr25shuffle1_800000.h5,"coords           x           y  likelihood  interped_x  interped_y
0       673.207947  949.454224    0.000535  673.207947  949.454224
1       673.207947  949.454224    0.000492  673.207947  949.454224
2       673.207947  949.454224    0.000452  673.207947  949.454224
3       673.207947  949.454224    0.000437  673.207947  949.454224
4       673.207947  949.454224    0.000435  673.207947  949.454224
...            ...         ...         ...         ...         ...
251631  413.936218  587.677734    0.998473  413.936218  587.677734
251632  414.002594  587.713745    0.998813  414.002594  587.713745
251633  413.567535  587.752991    0.998246  413.567535  587.752991
251634  413.815460  587.571106    0.997913  413.815460  587.571106
251635  414.524261  587.279541    0.998643  414.524261  587.279541

[251636 rows x 5 columns]"
31,EJT52,Session14,4798,Z:\projects\Emmett\tracking_analysis\training_tracking\tracking\EJT52\Session14\Camera12020-11-10T13_49_53DLC_resnet50_Normal_tracking_back_and_portsApr25shuffle1_800000.h5,"coords           x           y  likelihood  interped_x  interped_y
0       690.872437  820.945435    0.000663  690.872437  820.945435
1       690.872437  820.945435    0.000641  690.872437  820.945435
2       690.872437  820.945435    0.000639  690.872437  820.945435
3       690.872437  820.945435    0.000633  690.872437  820.945435
4       690.872437  820.945435    0.000648  690.872437  820.945435
...            ...         ...         ...         ...         ...
266645  388.388367  721.235962    0.997147  388.388367  721.235962
266646  388.388367  721.235962    0.940928  388.388367  721.235962
266647  388.388367  721.235962    0.961728  388.388367  721.235962
266648  388.388367  721.235962    0.976911  388.388367  721.235962
266649  388.388367  721.235962    0.977700  388.388367  721.235962

[266650 rows x 5 columns]"
32,EJT52,Session15,5021,Z:\projects\Emmett\tracking_analysis\training_tracking\tracking\EJT52\Session15\Camera12020-11-11T14_32_42DLC_resnet50_Normal_tracking_back_and_portsApr25shuffle1_800000.h5,"coords           x           y  likelihood  interped_x  interped_y
0       559.852295  529.343445    0.000632  559.852295  529.343445
1       559.852295  529.343445    0.000591  559.852295  529.343445
2       559.852295  529.343445    0.000572  559.852295  529.343445
3       559.852295  529.343445    0.000537  559.852295  529.343445
4       559.852295  529.343445    0.000569  559.852295  529.343445
...            ...         ...         ...         ...         ...
180853    0.000000    0.000000    0.000515    0.000000    0.000000
180854    0.000000    0.000000    0.000550    0.000000    0.000000
180855    0.000000    0.000000    0.000508    0.000000    0.000000
180856    0.000000    0.000000    0.000539    0.000000    0.000000
180857    0.000000    0.000000    0.000511    0.000000    0.000000

[180858 rows x 5 columns]"
33,EJT52,Session17,5477,Z:\projects\Emmett\tracking_analysis\training_tracking\tracking\EJT52\Session17\Camera12020-11-13T11_51_30DLC_resnet50_Normal_tracking_back_and_portsApr25shuffle1_800000.h5,"coords           x           y  likelihood  interped_x  interped_y
0       524.156616  672.174072    0.000440  524.156616  672.174072
1       524.156616  672.174072    0.000414  524.156616  672.174072
2       524.156616  672.174072    0.000398  524.156616  672.174072
3       524.156616  672.174072    0.000416  524.156616  672.174072
4       524.156616  672.174072    0.000415  524.156616  672.174072
...            ...         ...         ...         ...         ...
322219    0.000000    0.000000    0.519432    0.000000    0.000000
322220    0.000000    0.000000    0.503577    0.000000    0.000000
322221    0.000000    0.000000    0.549510    0.000000    0.000000
322222    0.000000    0.000000    0.547998    0.000000    0.000000
322223    0.000000    0.000000    0.534324    0.000000    0.000000

[322224 rows x 5 columns]"
34,EJT52,Session17,5746,Z:\projects\Emmett\tracking_analysis\training_tracking\tracking\EJT52\Session17\Camera12020-11-15T12_14_32DLC_resnet50_Normal_tracking_back_and_portsApr25shuffle1_800000.h5,"coords           x           y  likelihood  interped_x  interped_y
0       417.995361  131.640350    0.000318  417.995361  131.640350
1       417.995361  131.640350    0.000330  417.995361  131.640350
2       417.995361  131.640350    0.000325  417.995361  131.640350
3       417.995361  131.640350    0.000328  417.995361  131.640350
4       417.995361  131.640350    0.000311  417.995361  131.640350
...            ...         ...         ...         ...         ...
330292  367.815735  652.823303    0.996588  367.815735  652.823303
330293  366.940735  652.015625    0.998352  366.940735  652.015625
330294  366.679993  652.803101    0.998711  366.679993  652.803101
330295  367.271973  653.241333    0.998695  367.271973  653.241333
330296  366.764343  653.850037    0.997265  366.764343  653.850037

[330297 rows x 5 columns]"
35,EJT52,Session19,6016,Z:\projects\Emmett\tracking_analysis\training_tracking\tracking\EJT52\Session19\Camera12020-11-16T12_12_24DLC_resnet50_Normal_tracking_back_and_portsApr25shuffle1_800000.h5,"coords           x           y  likelihood  interped_x  interped_y
0       461.048187  757.346558    0.000460  461.048187  757.346558
1       461.048187  757.346558    0.000452  461.048187  757.346558
2       461.048187  757.346558    0.000455  461.048187  757.346558
3       461.048187  757.346558    0.000448  461.048187  757.346558
4       461.048187  757.346558    0.000446  461.048187  757.346558
...            ...         ...         ...         ...         ...
239309  332.686829  646.278625    0.999409  332.686829  646.278625
239310  326.526581  639.831726    0.993118  326.526581  639.831726
239311  324.477844  633.630981    0.998486  324.477844  633.630981
239312  322.226685  627.626770    0.997935  322.226685  627.626770
239313  319.349518  615.860779    0.990841  319.349518  615.860779

[239314 rows x 5 columns]"
36,EJT52,Session2,69,Z:\projects\Emmett\tracking_analysis\training_tracking\tracking\EJT52\Session2\Camera12020-10-27T11_29_47DLC_resnet50_Normal_tracking_back_and_portsApr25shuffle1_800000.h5,"coords           x           y  likelihood  interped_x  interped_y
0       635.189758  740.016418    0.999257  635.189758  740.016418
1       636.222290  741.208679    0.999587  636.222290  741.208679
2       637.501160  741.445679    0.999554  637.501160  741.445679
3       636.934692  739.240356    0.999526  636.934692  739.240356
4       635.734985  737.655640    0.999347  635.734985  737.655640
...            ...         ...         ...         ...         ...
210693  632.804382  719.249695    0.996439  632.804382  719.249695
210694  635.996338  718.905029    0.996337  635.996338  718.905029
210695  639.993408  727.821899    0.995959  639.993408  727.821899
210696  645.081421  738.834473    0.999679  645.081421  738.834473
210697  647.474915  749.057434    0.995436  647.474915  749.057434

[210698 rows x 5 columns]"
37,EJT52,Session20,6524,Z:\projects\Emmett\tracking_analysis\training_tracking\tracking\EJT52\Session20\Camera12020-11-17T10_38_52DLC_resnet50_Normal_tracking_back_and_portsApr25shuffle1_800000.h5,"coords           x           y  likelihood  interped_x  interped_y
0        65.768356  605.531250    0.000496   65.768356  605.531250
1        65.768356  605.531250    0.000536   65.768356  605.531250
2        65.768356  605.531250    0.000566   65.768356  605.531250
3        65.768356  605.531250    0.000516   65.768356  605.531250
4        65.768356  605.531250    0.000550   65.768356  605.531250
...            ...         ...         ...         ...         ...
263946  854.199707  554.088501    0.999837  854.199707  554.088501
263947  854.170898  554.134644    0.999836  854.170898  554.134644
263948  854.247253  554.109314    0.999840  854.247253  554.109314
263949  854.229797  554.143188    0.999840  854.229797  554.143188
263950  854.263733  554.068726    0.999830  854.263733  554.068726

[263951 rows x 5 columns]"
38,EJT52,Session3,323,Z:\projects\Emmett\tracking_analysis\training_tracking\tracking\EJT52\Session3\Camera12020-10-28T13_21_10DLC_resnet50_Normal_tracking_back_and_portsApr25shuffle1_800000.h5,"coords           x           y  likelihood  interped_x  interped_y
0       664.226074  854.768616    0.000515  664.226074  854.768616
1       664.226074  854.768616    0.000481  664.226074  854.768616
2       664.226074  854.768616    0.000486  664.226074  854.768616
3       664.226074  854.768616    0.000476  664.226074  854.768616
4       664.226074  854.768616    0.000488  664.226074  854.768616
...            ...         ...         ...         ...         ...
148042  909.032837  657.483643    0.054340  909.032837  657.483643
148043  909.032837  657.483643    0.052156  909.032837  657.483643
148044  909.032837  657.483643    0.043117  909.032837  657.483643
148045  909.032837  657.483643    0.028401  909.032837  657.483643
148046  909.032837  657.483643    0.040286  909.032837  657.483643

[148047 rows x 5 columns]"
39,EJT52,Session32,12468,Z:\projects\Emmett\tracking_analysis\training_tracking\tracking\EJT52\Session32\Camera12020-12-01T12_19_38DLC_resnet50_Normal_tracking_back_and_portsApr25shuffle1_800000.h5,"coords           x           y  likelihood  interped_x  interped_y
0       376.129761  667.465027    0.995225  376.129761  667.465027
1       368.772308  672.751831    0.999632  368.772308  672.751831
2       364.968231  674.037903    0.999905  364.968231  674.037903
3       361.430023  677.615173    0.999910  361.430023  677.615173
4       359.761017  679.392395    0.999845  359.761017  679.392395
...            ...         ...         ...         ...         ...
96930   340.391174  683.310181    0.996093  340.391174  683.310181
96931   341.226044  681.445190    0.992507  341.226044  681.445190
96932   340.853973  680.236755    0.987812  340.853973  680.236755
96933   340.338715  679.003357    0.990678  340.338715  679.003357
96934   339.693787  677.697937    0.992886  339.693787  677.697937

[96935 rows x 5 columns]"
40,EJT52,Session4,421,Z:\projects\Emmett\tracking_analysis\training_tracking\tracking\EJT52\Session4\Camera12020-10-29T13_25_46DLC_resnet50_Normal_tracking_back_and_portsApr25shuffle1_800000.h5,"coords           x           y  likelihood  interped_x  interped_y
0       587.305847  773.269348    0.000629  587.305847  773.269348
1       587.305847  773.269348    0.000647  587.305847  773.269348
2       587.305847  773.269348    0.000617  587.305847  773.269348
3       587.305847  773.269348    0.000653  587.305847  773.269348
4       587.305847  773.269348    0.000661  587.305847  773.269348
...            ...         ...         ...         ...         ...
275113  838.614463  848.296272    0.947292  838.614463  848.296272
275114  838.614463  848.296272    0.907983  838.614463  848.296272
275115  838.614463  848.296272    0.740091  838.614463  848.296272
275116  838.614463  848.296272    0.748679  838.614463  848.296272
275117  838.614463  848.296272    0.476684  838.614463  848.296272

[275118 rows x 5 columns]"
41,EJT52,Session5,477,Z:\projects\Emmett\tracking_analysis\training_tracking\tracking\EJT52\Session5\Camera12020-10-30T13_20_30DLC_resnet50_Normal_tracking_back_and_portsApr25shuffle1_800000.h5,"coords           x           y  likelihood  interped_x  interped_y
0       593.911926  876.023682    0.001506  593.911926  876.023682
1       593.911926  876.023682    0.001480  593.911926  876.023682
2       593.911926  876.023682    0.001505  593.911926  876.023682
3       593.911926  876.023682    0.001452  593.911926  876.023682
4       593.911926  876.023682    0.001539  593.911926  876.023682
...            ...         ...         ...         ...         ...
317031  950.497925  672.170349    0.996930  950.497925  672.170349
317032  950.243408  672.683960    0.998101  950.243408  672.683960
317033  950.191345  672.944275    0.998535  950.191345  672.944275
317034  950.697510  672.724609    0.997558  950.697510  672.724609
317035  954.197510  673.085571    0.999308  954.197510  673.085571

[317036 rows x 5 columns]"
42,EJT52,Session6,795,Z:\projects\Emmett\tracking_analysis\training_tracking\tracking\EJT52\Session6\Camera12020-11-01T14_38_59DLC_resnet50_Normal_tracking_back_and_portsApr25shuffle1_800000.h5,"coords           x           y  likelihood  interped_x  interped_y
0       605.344543  540.280457    0.001162  605.344543  540.280457
1       605.344543  540.280457    0.001014  605.344543  540.280457
2       605.344543  540.280457    0.001088  605.344543  540.280457
3       605.344543  540.280457    0.001026  605.344543  540.280457
4       605.344543  540.280457    0.001018  605.344543  540.280457
...            ...         ...         ...         ...         ...
211282  664.598816  710.934265    0.943455  664.598816  710.934265
211283  664.598816  710.934265    0.982415  664.598816  710.934265
211284  664.598816  710.934265    0.992786  664.598816  710.934265
211285  664.598816  710.934265    0.948921  664.598816  710.934265
211286  664.598816  710.934265    0.944657  664.598816  710.934265

[211287 rows x 5 columns]"
43,EJT52,Session7,1112,Z:\projects\Emmett\tracking_analysis\training_tracking\tracking\EJT52\Session7\Camera12020-11-02T14_22_24DLC_resnet50_Normal_tracking_back_and_portsApr25shuffle1_800000.h5,"coords           x           y  likelihood  interped_x  interped_y
0       613.766968  668.608276    0.000797  613.766968  668.608276
1       613.766968  668.608276    0.000856  613.766968  668.608276
2       613.766968  668.608276    0.000840  613.766968  668.608276
3       613.766968  668.608276    0.000853  613.766968  668.608276
4       613.766968  668.608276    0.000850  613.766968  668.608276
...            ...         ...         ...         ...         ...
181069  552.182373  575.842712    0.999600  552.182373  575.842712
181070  542.493408  573.993225    0.999588  542.493408  573.993225
181071  539.762268  574.506287    0.999847  539.762268  574.506287
181072  534.457031  574.316101    0.999926  534.457031  574.316101
181073  530.676514  574.159851    0.999919  530.676514  574.159851

[181074 rows x 5 columns]"
44,EJT52,Session8,1385,Z:\projects\Emmett\tracking_analysis\training_tracking\tracking\EJT52\Session8\Camera12020-11-03T13_55_31DLC_resnet50_Normal_tracking_back_and_portsApr25shuffle1_800000.h5,"coords           x           y  likelihood  interped_x  interped_y
0       575.898438  709.238281    0.001040  575.898438  709.238281
1       575.898438  709.238281    0.001003  575.898438  709.238281
2       575.898438  709.238281    0.000965  575.898438  709.238281
3       575.898438  709.238281    0.000986  575.898438  709.238281
4       575.898438  709.238281    0.001000  575.898438  709.238281
...            ...         ...         ...         ...         ...
229551  660.106934  509.280182    0.999900  660.106934  509.280182
229552  660.502808  506.627686    0.999721  660.502808  506.627686
229553  662.429688  506.020752    0.999605  662.429688  506.020752
229554  661.867859  505.863464    0.999518  661.867859  505.863464
229555  662.244995  505.288269    0.999285  662.244995  505.288269

[229556 rows x 5 columns]"
45,EJT52,Session9,1826,Z:\projects\Emmett\tracking_analysis\training_tracking\tracking\EJT52\Session9\Camera12020-11-04T14_27_01DLC_resnet50_Normal_tracking_back_and_portsApr25shuffle1_800000.h5,"coords           x           y  likelihood  interped_x  interped_y
0       438.899475  701.140198    0.000580  438.899475  701.140198
1       438.899475  701.140198    0.000601  438.899475  701.140198
2       438.899475  701.140198    0.000607  438.899475  701.140198
3       438.899475  701.140198    0.000595  438.899475  701.140198
4       438.899475  701.140198    0.000565  438.899475  701.140198
...            ...         ...         ...         ...         ...
194151    0.000000    0.000000    0.000000    0.000000    0.000000
194152    0.000000    0.000000    0.000000    0.000000    0.000000
194153    0.000000    0.000000    0.000000    0.000000    0.000000
194154    0.000000    0.000000    0.000000    0.000000    0.000000
194155    0.000000    0.000000    0.000000    0.000000    0.000000

[194156 rows x 5 columns]"
