,Group,error scores,"error breakdown [seq,spatial,repeat,other]",pscores,tscores,transition_matrix,animal,type,mean latencies,standard dev latencies
0,Early Learning,[0.24671735 0.67104354 0.08223912],[0.38722966 0.02780639 0.54788877 0.03707518],"[0.07294685990338164, 0.18518518518518517, 0.5252525252525253]","[0.6280193236714975, 0.3333333333333333, 0.7575757575757576]","[[5.0, 5.0, 5.0, 11.0], [0.0, 0.0, 0.0, 0.0], [5.0, 11.0, 11.0, 31.0], [16.0, 5.0, 26.0, 166.0], [61.0, 31.0, 72.0, 192.0], [101.0, 110.0, 94.0, 7.0], [146.0, 184.0, 48.0, 9.0], [140.0, 72.0, 99.0, 75.0]]",EJT101,control,1.1432583596214452,0.43080555096882667
1,Pre Lesion,[0.74386268 0.25182202 0.0043153 ],[0.34805788 0.01637471 0.63290175 0.00266565],"[0.78125, 0.7881914893617022, 0.796108202443281]","[0.8595679012345679, 0.924468085106383, 0.9491423585140862]","[[5.0, 5.0, 4.0, 1.0], [0.0, 0.0, 0.0, 0.0], [5.0, 4.0, 1.0, 5.0], [18.0, 2.0, 37.0, 1792.0], [71.0, 66.0, 1663.0, 523.0], [283.0, 1612.0, 479.0, 6.0], [1547.0, 169.0, 101.0, 23.0], [353.0, 98.0, 117.0, 96.0]]",EJT101,control,0.33671665400394984,0.12564187300195281
2,Post Lesion,[0.73199318 0.25422645 0.01378037],[0.42944957 0.03827885 0.51019838 0.0220732 ],"[0.7014035087719297, 0.636844331641286, 0.736229415105054, 0.8275145469659185, 0.839924670433145]","[0.9508771929824561, 0.9373096446700508, 0.9268881317433275, 0.9733167082294265, 0.96045197740113]","[[3.0, 5.0, 4.0, 8.0], [12.0, 32.0, 9.0, 5.0], [4.0, 4.0, 5.0, 14.0], [27.0, 11.0, 117.0, 2539.0], [68.0, 182.0, 2320.0, 700.0], [393.0, 2209.0, 393.0, 14.0], [1960.0, 199.0, 169.0, 99.0], [354.0, 78.0, 75.0, 157.0]]",EJT101,control,0.3358757575757561,0.13058756113632858
0,Early Learning,[0.35364112 0.56544503 0.08091385],[0.45117845 0.07996633 0.3956229  0.07323232],"[0.034482758620689655, 0.35760517799352753, 0.47644927536231885]","[0.47413793103448276, 0.7103559870550161, 0.7608695652173914]","[[0.0, 1.0, 5.0, 4.0], [7.0, 51.0, 18.0, 2.0], [11.0, 11.0, 5.0, 19.0], [7.0, 3.0, 108.0, 231.0], [89.0, 32.0, 149.0, 187.0], [86.0, 180.0, 89.0, 28.0], [301.0, 152.0, 33.0, 13.0], [122.0, 117.0, 79.0, 114.0]]",EJT147,control,1.0898394342762026,0.4542019325144304
1,Pre Lesion,[0.83601571 0.16195666 0.00202763],[0.30907668 0.03599374 0.65062598 0.0043036 ],"[0.9446666666666668, 0.9476695796920517, 0.8224540152534769]","[0.978, 0.9950062421972534, 0.9946164199192463]","[[1.0, 0.0, 1.0, 0.0], [0.0, 0.0, 0.0, 0.0], [1.0, 2.0, 0.0, 3.0], [15.0, 3.0, 77.0, 3125.0], [78.0, 31.0, 2948.0, 995.0], [255.0, 2776.0, 143.0, 1.0], [2584.0, 304.0, 2.0, 6.0], [178.0, 75.0, 17.0, 83.0]]",EJT147,control,0.322709473684209,0.10639238334960988
2,Post Lesion,[0.8394107  0.15658162 0.00400768],[0.3370584  0.16186013 0.48954578 0.01153569],"[0.9204946996466431, 0.9186567164179105, 0.7146029793631269]","[0.9910875539850805, 0.9915422885572139, 0.9774497744977451]","[[0.0, 2.0, 1.0, 2.0], [0.0, 0.0, 0.0, 0.0], [3.0, 10.0, 1.0, 15.0], [17.0, 7.0, 430.0, 3240.0], [90.0, 70.0, 3044.0, 728.0], [259.0, 3230.0, 76.0, 1.0], [3028.0, 323.0, 13.0, 9.0], [180.0, 130.0, 17.0, 74.0]]",EJT147,control,0.311473981792047,0.10354758112829282
0,Early Learning,[0.3664     0.55253333 0.08106667],[0.51544402 0.03185328 0.38030888 0.07239382],"[0.0, 0.2911392405063291, 0.6781914893617021]","[0.6182170542635659, 0.7246835443037974, 0.824468085106383]","[[3.0, 3.0, 3.0, 9.0], [8.0, 48.0, 14.0, 3.0], [8.0, 4.0, 6.0, 21.0], [10.0, 6.0, 40.0, 257.0], [102.0, 23.0, 157.0, 103.0], [84.0, 149.0, 65.0, 17.0], [203.0, 142.0, 49.0, 24.0], [123.0, 94.0, 101.0, 66.0]]",EJT148,control,1.00824300518134,0.3911703153067185
1,Pre Lesion,[0.73273069 0.26267113 0.00459818],[0.36662025 0.10105431 0.52357271 0.00875274],"[0.8040690104166667, 0.7470869746150645, 0.7382985452245414]","[0.98125, 0.981751976695797, 0.9665717900063251]","[[2.0, 0.0, 2.0, 3.0], [9.0, 24.0, 7.0, 0.0], [4.0, 1.0, 2.0, 3.0], [15.0, 29.0, 473.0, 3532.0], [45.0, 209.0, 2490.0, 759.0], [134.0, 2859.0, 308.0, 2.0], [3098.0, 388.0, 7.0, 28.0], [413.0, 224.0, 58.0, 164.0]]",EJT148,control,0.34230094600250915,0.1326352724932532
2,Post Lesion,[0.69125182 0.30432032 0.00442786],[0.35647475 0.0802328  0.55622532 0.00706714],"[0.7635741265344663, 0.7195238095238095, 0.6970916057122953]","[0.9848048473402581, 0.9884920634920634, 0.9826267602129671]","[[1.0, 2.0, 0.0, 3.0], [3.0, 17.0, 5.0, 1.0], [2.0, 3.0, 1.0, 3.0], [15.0, 28.0, 354.0, 2967.0], [62.0, 276.0, 1786.0, 751.0], [128.0, 2037.0, 192.0, 4.0], [2368.0, 423.0, 3.0, 6.0], [380.0, 182.0, 54.0, 69.0]]",EJT148,control,0.352275536105033,0.13842109881179873
0,Early Learning,[0.37733193 0.55086237 0.0718057 ],[0.40127796 0.05047923 0.51182109 0.03642173],"[0.057471264367816084, 0.2620772946859904, 0.7040816326530612]","[0.4827586206896552, 0.7946859903381643, 0.9077380952380952]","[[4.0, 8.0, 6.0, 4.0], [0.0, 0.0, 0.0, 0.0], [10.0, 16.0, 11.0, 34.0], [29.0, 10.0, 84.0, 373.0], [110.0, 19.0, 225.0, 209.0], [114.0, 280.0, 152.0, 13.0], [329.0, 129.0, 59.0, 15.0], [270.0, 117.0, 97.0, 139.0]]",EJT174,control,0.9691117710583075,0.4244822185024021
1,Pre Lesion,[0.65383393 0.34489515 0.00127092],[0.37371411 0.08260402 0.54245355 0.00122831],"[0.70054369886133, 0.6894771241830066, 0.7043501611170784]","[0.9409825033647375, 0.9511951447245564, 0.9688583704158356]","[[3.0, 0.0, 2.0, 0.0], [0.0, 0.0, 0.0, 0.0], [3.0, 0.0, 4.0, 3.0], [29.0, 31.0, 486.0, 2916.0], [58.0, 212.0, 2283.0, 1678.0], [393.0, 2554.0, 232.0, 4.0], [2824.0, 516.0, 41.0, 20.0], [731.0, 330.0, 153.0, 356.0]]",EJT174,control,0.3111794677526272,0.1268543986286111
2,Post Lesion,[0.65010567 0.34823606 0.00165827],[0.3550887  0.11185808 0.53165266 0.00140056],"[0.5393285371702637, 0.5980197364063845, 0.675380608974359, 0.7546898869538649, 0.7763333333333333]","[0.9763549160671462, 0.9705060277382949, 0.9581587683150183, 0.9710848500720178, 0.9653730158730159]","[[1.0, 2.0, 4.0, 1.0], [0.0, 0.0, 0.0, 0.0], [5.0, 2.0, 2.0, 4.0], [48.0, 45.0, 1129.0, 4972.0], [52.0, 148.0, 3406.0, 2436.0], [486.0, 4240.0, 1018.0, 12.0], [4330.0, 571.0, 59.0, 50.0], [702.0, 411.0, 160.0, 386.0]]",EJT174,control,0.2711853374341991,0.147209964867008
0,Early Learning,[0.38602777 0.51500224 0.09897   ],[0.39565217 0.06173913 0.45391304 0.08869565],"[0.0, 0.11021505376344086, 0.4550898203592814]","[0.2708333333333333, 0.6612903225806451, 0.8163672654690618]","[[2.0, 4.0, 6.0, 5.0], [5.0, 87.0, 22.0, 3.0], [8.0, 21.0, 14.0, 31.0], [21.0, 3.0, 79.0, 275.0], [127.0, 55.0, 150.0, 111.0], [101.0, 237.0, 94.0, 7.0], [383.0, 202.0, 71.0, 5.0], [185.0, 124.0, 82.0, 126.0]]",EJT175,control,1.3155727405247815,0.4442178847760111
1,Pre Lesion,[0.83050381 0.16537219 0.00412399],[0.36575229 0.0361596  0.58811305 0.00997506],"[0.873763440860215, 0.8541296060991106, 0.8899087221095335]","[0.967720430107527, 0.9564908936891149, 0.961583598956824]","[[1.0, 1.0, 3.0, 3.0], [10.0, 18.0, 4.0, 0.0], [3.0, 3.0, 1.0, 1.0], [4.0, 5.0, 86.0, 2760.0], [21.0, 156.0, 2556.0, 562.0], [164.0, 2509.0, 158.0, 1.0], [2703.0, 470.0, 20.0, 33.0], [145.0, 130.0, 28.0, 134.0]]",EJT175,control,0.3178201637471434,0.11042086908344256
2,Post Lesion,[0.84388975 0.15363038 0.00247988],[0.3747023  0.03492988 0.58137073 0.00899709],"[0.8688777936281502, 0.8861832611832611, 0.8507799671592774, 0.8460547504025765, 0.887740297424737]","[0.9780313837375177, 0.9808441558441557, 0.9600985221674876, 0.970354267310789, 0.970620239390642]","[[0.0, 1.0, 0.0, 4.0], [3.0, 29.0, 4.0, 3.0], [1.0, 3.0, 3.0, 1.0], [10.0, 6.0, 118.0, 4634.0], [37.0, 192.0, 4421.0, 844.0], [343.0, 4368.0, 254.0, 6.0], [4353.0, 775.0, 152.0, 116.0], [216.0, 149.0, 38.0, 130.0]]",EJT175,control,0.30886312232484936,0.11561939521129397
0,Early Learning,[0.26       0.64193548 0.09806452],[0.36582915 0.05929648 0.52160804 0.05326633],"[0.0, 0.02898550724637681, 0.30612244897959184]","[0.26515151515151514, 0.43478260869565216, 0.6938775510204082]","[[1.0, 4.0, 2.0, 7.0], [3.0, 38.0, 19.0, 1.0], [3.0, 9.0, 11.0, 11.0], [29.0, 5.0, 47.0, 159.0], [82.0, 40.0, 72.0, 124.0], [83.0, 106.0, 115.0, 9.0], [189.0, 181.0, 54.0, 9.0], [156.0, 80.0, 71.0, 110.0]]",EJT176,control,1.149584393063589,0.4516862087154131
1,Pre Lesion,[0.75407609 0.241093   0.00483092],[0.183469   0.03506575 0.77582968 0.00563557],"[0.9164570230607967, 0.8807740324594258, 0.888744212962963]","[0.9788259958071279, 0.964107365792759, 0.9560185185185186]","[[3.0, 3.0, 2.0, 2.0], [2.0, 10.0, 2.0, 0.0], [2.0, 3.0, 2.0, 6.0], [4.0, 7.0, 102.0, 2246.0], [5.0, 114.0, 2100.0, 559.0], [72.0, 2201.0, 415.0, 0.0], [2301.0, 807.0, 22.0, 9.0], [586.0, 45.0, 60.0, 110.0]]",EJT176,control,0.30480776721014535,0.10060103684824713
2,Post Lesion,[0.74601701 0.24939417 0.00458881],[0.29894563 0.03783337 0.65619185 0.00702915],"[0.7852475928473177, 0.8842005076142132, 0.8925606247431154, 0.8346169772256727]","[0.9505265863587733, 0.9756979695431472, 0.9799630086313194, 0.9737267080745341]","[[2.0, 0.0, 5.0, 3.0], [1.0, 23.0, 2.0, 2.0], [4.0, 4.0, 1.0, 3.0], [24.0, 2.0, 161.0, 3358.0], [26.0, 175.0, 3070.0, 762.0], [290.0, 3167.0, 629.0, 6.0], [3219.0, 1013.0, 110.0, 51.0], [637.0, 91.0, 144.0, 207.0]]",EJT176,control,0.304798484848485,0.10480417750504686
0,Early Learning,[0.32951855 0.55801105 0.1124704 ],[0.48019802 0.08698727 0.354314   0.07850071],"[0.00392156862745098, 0.015625, 0.27597402597402604]","[0.23529411764705882, 0.4453125, 0.9285714285714286]","[[2.0, 3.0, 3.0, 13.0], [1.0, 89.0, 13.0, 1.0], [8.0, 23.0, 11.0, 28.0], [20.0, 6.0, 120.0, 290.0], [175.0, 39.0, 123.0, 137.0], [130.0, 112.0, 91.0, 11.0], [327.0, 191.0, 61.0, 10.0], [114.0, 178.0, 60.0, 129.0]]",EJT177,control,1.1025688000000045,0.42078687607215487
1,Pre Lesion,[0.72814798 0.2676067  0.00424532],[0.38555241 0.10113314 0.50623229 0.00708215],"[0.8120567375886525, 0.7388826606875933, 0.7614379084967321]","[0.9686761229314422, 0.9678811659192824, 0.9766214177978884]","[[2.0, 0.0, 1.0, 3.0], [1.0, 16.0, 6.0, 0.0], [0.0, 1.0, 2.0, 2.0], [10.0, 14.0, 338.0, 2367.0], [10.0, 65.0, 2057.0, 1141.0], [222.0, 2446.0, 121.0, 4.0], [2248.0, 221.0, 152.0, 31.0], [167.0, 56.0, 180.0, 251.0]]",EJT177,control,0.2892638660076885,0.14471190717487503
2,Post Lesion,[0.6641641  0.32819413 0.00764178],[0.3876634  0.1087963  0.49441721 0.00912309],"[0.6718677762367083, 0.5889016897081413, 0.5562817719680464, 0.6761229314420804, 0.7324772605671481]","[0.9610610263522886, 0.9500740618828176, 0.9578016391741883, 0.9578959810874703, 0.9398073836276083]","[[2.0, 0.0, 4.0, 1.0], [7.0, 43.0, 12.0, 4.0], [2.0, 3.0, 1.0, 2.0], [9.0, 17.0, 780.0, 3796.0], [43.0, 142.0, 2890.0, 1917.0], [501.0, 3563.0, 307.0, 23.0], [3200.0, 406.0, 333.0, 137.0], [384.0, 131.0, 167.0, 254.0]]",EJT177,control,0.3293648751397692,0.18448237182024912
0,Early Learning,[0.21762918 0.67841945 0.10395137],[0.33243728 0.05734767 0.55197133 0.05824373],"[0.06944444444444445, 0.08695652173913043, 0.08928571428571429]","[0.4444444444444444, 0.21739130434782608, 0.45535714285714285]","[[5.0, 9.0, 1.0, 7.0], [4.0, 53.0, 17.0, 2.0], [12.0, 17.0, 2.0, 25.0], [37.0, 5.0, 64.0, 165.0], [65.0, 48.0, 59.0, 220.0], [75.0, 124.0, 94.0, 12.0], [178.0, 205.0, 54.0, 14.0], [161.0, 61.0, 99.0, 89.0]]",EJT99,control,1.0471852307692286,0.40084958233579965
1,Pre Lesion,[0.59377384 0.40256371 0.00366244],[0.19863533 0.01421531 0.78544352 0.00170584],"[0.8246913580246913, 0.7950231481481481, 0.7262379896526238]","[0.9717592592592592, 0.925601851851852, 0.963229859571323]","[[1.0, 1.0, 1.0, 3.0], [17.0, 6.0, 4.0, 6.0], [4.0, 1.0, 1.0, 0.0], [6.0, 3.0, 76.0, 1810.0], [13.0, 46.0, 1699.0, 1635.0], [286.0, 1760.0, 1563.0, 11.0], [1538.0, 486.0, 229.0, 25.0], [297.0, 126.0, 77.0, 42.0]]",EJT99,control,0.3371434827484506,0.13860382168138677
2,Post Lesion,[0.6374517  0.36007943 0.00246887],[0.222835   0.04024445 0.73393948 0.00298107],"[0.6998474446987034, 0.7261363636363637, 0.6976096922069418, 0.7974824729126833, 0.8535353535353535]","[0.9462242562929062, 0.9272727272727272, 0.9474132285527178, 0.9775015933715743, 0.9639553429027113]","[[3.0, 1.0, 1.0, 2.0], [11.0, 18.0, 11.0, 1.0], [1.0, 2.0, 3.0, 1.0], [15.0, 18.0, 252.0, 2808.0], [28.0, 141.0, 2443.0, 1902.0], [317.0, 2624.0, 1623.0, 16.0], [2502.0, 798.0, 183.0, 55.0], [358.0, 131.0, 103.0, 80.0]]",EJT99,control,0.33644502805184834,0.14890347454969016
0,Early Learning,[0.39054054 0.53986486 0.06959459],[0.46182728 0.04380476 0.45181477 0.04255319],"[0.01694915254237288, 0.4138576779026217, 0.7146630236794171]","[0.6367231638418078, 0.8576779026217228, 0.8647540983606558]","[[3.0, 3.0, 9.0, 5.0], [0.0, 0.0, 0.0, 0.0], [5.0, 10.0, 7.0, 34.0], [9.0, 2.0, 77.0, 417.0], [103.0, 33.0, 233.0, 193.0], [108.0, 276.0, 136.0, 26.0], [356.0, 202.0, 46.0, 7.0], [178.0, 114.0, 141.0, 118.0]]",EJT154,lesion,0.8799048402710531,0.43527448810599434
1,Pre Lesion,[0.66369184 0.3293669  0.00694127],[0.33140343 0.08545623 0.57897175 0.0041686 ],"[0.680952380952381, 0.6974272930648769, 0.7070293094883259]","[0.943041788143829, 0.9516432299989345, 0.966194734227521]","[[2.0, 1.0, 2.0, 0.0], [0.0, 0.0, 0.0, 0.0], [6.0, 6.0, 7.0, 6.0], [28.0, 6.0, 346.0, 2311.0], [28.0, 78.0, 1766.0, 971.0], [401.0, 1762.0, 381.0, 5.0], [1755.0, 181.0, 19.0, 14.0], [424.0, 61.0, 104.0, 121.0]]",EJT154,lesion,0.3419714210178442,0.1377056816460303
2,Post Lesion,[0.31142857 0.665      0.02357143],[0.32116004 0.03759398 0.63480129 0.00644468],"[0.0756578947368421, 0.0625, 0.0]","[0.5759868421052632, 0.125, 0.0]","[[6.0, 0.0, 0.0, 0.0], [0.0, 0.0, 0.0, 0.0], [0.0, 3.0, 2.0, 8.0], [24.0, 5.0, 29.0, 293.0], [55.0, 31.0, 63.0, 178.0], [52.0, 28.0, 53.0, 4.0], [60.0, 63.0, 17.0, 4.0], [192.0, 52.0, 27.0, 20.0]]",EJT154,lesion,0.7002110831234242,0.33971629336539577
0,Early Learning,[0.28772127 0.63697668 0.07530205],[0.34891928 0.06219674 0.53947949 0.0494045 ],"[0.02830188679245283, 0.17676767676767677, 0.33871635610766043]","[0.4289308176100629, 0.7513708513708514, 0.6128364389233953]","[[3.0, 1.0, 5.0, 6.0], [9.0, 54.0, 25.0, 2.0], [7.0, 9.0, 5.0, 32.0], [31.0, 7.0, 140.0, 400.0], [126.0, 7.0, 204.0, 258.0], [203.0, 203.0, 174.0, 11.0], [228.0, 185.0, 53.0, 8.0], [303.0, 62.0, 114.0, 143.0]]",EJT155,lesion,0.8018301886792496,0.3788069693551652
1,Pre Lesion,[0.758485   0.23635022 0.00516478],[0.32882414 0.03381894 0.62903226 0.00832466],"[0.8136666666666666, 0.8723511214230472, 0.8362068965517241]","[0.9357222222222222, 0.9552397525135345, 0.9526819923371647]","[[2.0, 1.0, 1.0, 3.0], [2.0, 11.0, 3.0, 0.0], [0.0, 3.0, 2.0, 5.0], [12.0, 1.0, 56.0, 1497.0], [29.0, 104.0, 1372.0, 317.0], [136.0, 1317.0, 165.0, 4.0], [1388.0, 82.0, 4.0, 22.0], [469.0, 33.0, 35.0, 133.0]]",EJT155,lesion,0.33597309699478073,0.10740872093258433
2,Post Lesion,[0.55879781 0.43278689 0.0084153 ],[0.44520202 0.03383838 0.50858586 0.01237374],"[0.12634408602150538, 0.6681793179317931, 0.7615810674723061]","[0.848524414653447, 0.875140133060925, 0.9232124874118831]","[[1.0, 0.0, 0.0, 0.0], [1.0, 22.0, 15.0, 0.0], [5.0, 2.0, 1.0, 7.0], [24.0, 10.0, 114.0, 1611.0], [120.0, 338.0, 1099.0, 767.0], [98.0, 995.0, 368.0, 99.0], [1127.0, 169.0, 54.0, 113.0], [408.0, 108.0, 95.0, 184.0]]",EJT155,lesion,0.4358375337908119,0.1868718450886215
0,Early Learning,[0.26489028 0.67868339 0.05642633],[0.48036952 0.0369515  0.44726713 0.03541186],"[0.007575757575757575, 0.0, 0.13414634146341464]","[0.32954545454545453, 0.7808641975308642, 0.6922764227642276]","[[3.0, 7.0, 2.0, 7.0], [3.0, 29.0, 21.0, 5.0], [7.0, 15.0, 7.0, 10.0], [19.0, 17.0, 95.0, 244.0], [79.0, 37.0, 72.0, 177.0], [154.0, 72.0, 102.0, 15.0], [213.0, 220.0, 55.0, 14.0], [141.0, 162.0, 79.0, 83.0]]",EJT156,lesion,1.0656720379146947,0.46486409803797746
1,Pre Lesion,[0.67734334 0.31855472 0.00410194],[0.31424658 0.05424658 0.62493151 0.00657534],"[0.7354166666666667, 0.7722305017386986, 0.7945134575569358]","[0.9131696428571429, 0.948360655737705, 0.9688516711032238]","[[2.0, 4.0, 1.0, 0.0], [3.0, 15.0, 2.0, 1.0], [3.0, 2.0, 0.0, 1.0], [7.0, 9.0, 185.0, 1987.0], [18.0, 35.0, 1751.0, 1486.0], [254.0, 1808.0, 205.0, 6.0], [1624.0, 135.0, 130.0, 71.0], [313.0, 102.0, 18.0, 151.0]]",EJT156,lesion,0.32799727310865534,0.18512054805401867
2,Post Lesion,[0.06571936 0.86323268 0.07104796],[0.14197531 0.03703704 0.81069959 0.01028807],"[0.0, 0.0, 0.0, 0.0]","[0.25438596491228066, 0.0, 0.0, 0.0]","[[2.0, 0.0, 2.0, 2.0], [3.0, 1.0, 6.0, 0.0], [2.0, 2.0, 3.0, 4.0], [13.0, 5.0, 18.0, 47.0], [45.0, 8.0, 2.0, 99.0], [12.0, 2.0, 29.0, 6.0], [8.0, 29.0, 8.0, 6.0], [117.0, 23.0, 9.0, 19.0]]",EJT156,lesion,1.0606218750000025,0.5567893984344592
0,Early Learning,[0.24474187 0.63575526 0.11950287],[0.40225564 0.04586466 0.51654135 0.03533835],"[0.00980392156862745, 0.1619718309859155, 0.2102102102102102]","[0.25816993464052285, 0.5633802816901409, 0.5225225225225225]","[[4.0, 3.0, 14.0, 9.0], [0.0, 0.0, 0.0, 0.0], [12.0, 14.0, 23.0, 35.0], [17.0, 5.0, 73.0, 208.0], [97.0, 37.0, 88.0, 177.0], [100.0, 189.0, 124.0, 17.0], [238.0, 279.0, 59.0, 28.0], [231.0, 111.0, 113.0, 136.0]]",EJT157,lesion,1.116499793814443,0.41883957126036375
1,Pre Lesion,[0.7302682  0.26628352 0.00344828],[0.441247   0.04316547 0.50839329 0.00719424],"[0.7472504230118442, 0.6240126832232095, 0.7797456857402361]","[0.8995346869712351, 0.9368497000075948, 0.9603996366939147]","[[0.0, 3.0, 5.0, 3.0], [0.0, 0.0, 0.0, 0.0], [2.0, 6.0, 1.0, 7.0], [20.0, 11.0, 68.0, 1467.0], [62.0, 129.0, 1152.0, 211.0], [176.0, 1058.0, 136.0, 4.0], [1295.0, 263.0, 10.0, 9.0], [425.0, 204.0, 43.0, 88.0]]",EJT157,lesion,0.35943987817258877,0.12590789238994077
2,Post Lesion,[0.28658228 0.67696203 0.0364557 ],[0.3934181  0.1473448  0.44053852 0.01869858],"[0.011594202898550725, 0.11235955056179775, 0.018518518518518517]","[0.41304347826086957, 0.4940074906367041, 0.12345679012345678]","[[11.0, 4.0, 7.0, 4.0], [0.0, 0.0, 0.0, 0.0], [11.0, 4.0, 5.0, 3.0], [76.0, 14.0, 157.0, 292.0], [51.0, 18.0, 60.0, 155.0], [97.0, 109.0, 84.0, 23.0], [119.0, 72.0, 15.0, 17.0], [120.0, 52.0, 70.0, 77.0]]",EJT157,lesion,0.6097081349206361,0.3365913950408862
0,Early Learning,[0.44609394 0.49087369 0.06303237],[0.48388696 0.0629648  0.38869608 0.06445216],"[0.1590909090909091, 0.4321621621621622, 0.6322160148975791]","[0.6265151515151515, 0.8138738738738739, 0.8603351955307262]","[[2.0, 2.0, 4.0, 2.0], [3.0, 15.0, 32.0, 0.0], [9.0, 7.0, 17.0, 42.0], [29.0, 3.0, 104.0, 514.0], [209.0, 20.0, 370.0, 186.0], [145.0, 406.0, 143.0, 31.0], [399.0, 228.0, 74.0, 19.0], [209.0, 105.0, 115.0, 194.0]]",EJT159,lesion,0.7788371447455413,0.4157704181433355
1,Pre Lesion,[0.55223663 0.44586915 0.00189422],[0.40735294 0.02696078 0.56388889 0.00179739],"[0.7892924976258309, 0.7554012345679012, 0.8064165307232191]","[0.9819563152896487, 0.9453835978835978, 0.9746057640021752]","[[2.0, 2.0, 0.0, 0.0], [1.0, 2.0, 4.0, 1.0], [1.0, 2.0, 0.0, 2.0], [4.0, 6.0, 159.0, 2055.0], [15.0, 47.0, 1820.0, 460.0], [316.0, 1789.0, 749.0, 6.0], [1752.0, 1328.0, 123.0, 112.0], [778.0, 1288.0, 21.0, 132.0]]",EJT159,lesion,0.3085380129589642,0.12280746801503288
2,Post Lesion,[0.31670016 0.67682518 0.00647466],[0.35263071 0.10110506 0.54148111 0.00478311],"[0.10903703703703703, 0.045019157088122604, 0.0]","[0.905574746241413, 0.8817393334634714, 0.0]","[[2.0, 1.0, 2.0, 3.0], [4.0, 7.0, 2.0, 1.0], [0.0, 1.0, 1.0, 4.0], [49.0, 55.0, 523.0, 1687.0], [32.0, 18.0, 131.0, 146.0], [287.0, 298.0, 176.0, 7.0], [329.0, 69.0, 21.0, 10.0], [148.0, 38.0, 36.0, 121.0]]",EJT159,lesion,0.3528695598519156,0.12680732792402943
0,Early Learning,[0.40643275 0.53174603 0.06182122],[0.44304792 0.04163394 0.46582875 0.0494894 ],"[0.0, 0.2879084967320262, 0.674628450106157]","[0.524390243902439, 0.8374183006535947, 0.8641188959660296]","[[3.0, 1.0, 4.0, 4.0], [8.0, 36.0, 14.0, 3.0], [6.0, 9.0, 8.0, 12.0], [16.0, 0.0, 66.0, 328.0], [61.0, 26.0, 239.0, 109.0], [155.0, 216.0, 132.0, 10.0], [285.0, 134.0, 77.0, 9.0], [201.0, 132.0, 79.0, 87.0]]",EJT161,lesion,1.0435347137636999,0.4175810421910794
1,Pre Lesion,[0.74207835 0.25618179 0.00173986],[0.3426631  0.01831653 0.6351101  0.00391027],"[0.7294784580498866, 0.7196943186496501, 0.8310869565217391]","[0.9874610260770976, 0.941018251681076, 0.985]","[[1.0, 0.0, 2.0, 1.0], [1.0, 11.0, 4.0, 1.0], [3.0, 2.0, 3.0, 1.0], [11.0, 6.0, 78.0, 3340.0], [66.0, 337.0, 3065.0, 665.0], [634.0, 2561.0, 1103.0, 50.0], [2734.0, 388.0, 80.0, 47.0], [907.0, 156.0, 57.0, 51.0]]",EJT161,lesion,0.3034973118739845,0.1101994482454245
2,Post Lesion,[0.15647668 0.78756477 0.05595855],[0.25131579 0.02631579 0.69078947 0.03157895],"[0.0, 0.0, 0.0]","[0.4777777777777778, 0.23404255319148937, 0.03125]","[[2.0, 3.0, 6.0, 2.0], [2.0, 17.0, 2.0, 1.0], [7.0, 3.0, 1.0, 1.0], [11.0, 1.0, 17.0, 56.0], [31.0, 8.0, 38.0, 72.0], [71.0, 16.0, 143.0, 2.0], [51.0, 167.0, 15.0, 12.0], [127.0, 61.0, 34.0, 16.0]]",EJT161,lesion,0.9660358778625671,0.40594442350191584
0,Early Learning,[0.18897929 0.65606509 0.15495562],[0.27564825 0.01972943 0.64430665 0.06031567],"[0.07113821138211382, 0.17307692307692307, 0.5094696969696969]","[0.556910569105691, 0.5384615384615384, 0.6231060606060606]","[[5.0, 12.0, 12.0, 10.0], [9.0, 66.0, 30.0, 2.0], [6.0, 14.0, 9.0, 29.0], [17.0, 4.0, 46.0, 225.0], [74.0, 43.0, 123.0, 285.0], [105.0, 104.0, 155.0, 11.0], [224.0, 244.0, 30.0, 13.0], [409.0, 89.0, 97.0, 105.0]]",EJT85,lesion,1.0184034334763823,0.4841103573121164
1,Pre Lesion,[0.60241638 0.3951225  0.00246113],[0.1707248  0.01387316 0.8117214  0.00368063],"[0.8442477876106195, 0.8843696027633852, 0.8783482142857143]","[0.9408259587020648, 0.9421416234887736, 0.9479166666666667]","[[2.0, 0.0, 0.0, 0.0], [2.0, 7.0, 2.0, 2.0], [1.0, 2.0, 1.0, 0.0], [11.0, 2.0, 46.0, 1229.0], [9.0, 33.0, 1199.0, 1589.0], [94.0, 1220.0, 365.0, 1.0], [1207.0, 218.0, 17.0, 44.0], [278.0, 84.0, 66.0, 109.0]]",EJT85,lesion,0.37426784605834806,0.1515611939472374
2,Post Lesion,[0.22974433 0.6953547  0.07490097],[0.22475401 0.05023304 0.69963749 0.02537545],"[0.08181818181818182, 0.0, 0.19879518072289157, 0.08928571428571429, 0.4230769230769231]","[0.41090909090909095, 0.1111111111111111, 0.5539873780837636, 0.29166666666666663, 0.6057692307692307]","[[5.0, 4.0, 10.0, 11.0], [25.0, 28.0, 28.0, 6.0], [9.0, 3.0, 9.0, 10.0], [50.0, 20.0, 102.0, 253.0], [51.0, 54.0, 154.0, 220.0], [81.0, 123.0, 161.0, 32.0], [153.0, 149.0, 19.0, 37.0], [226.0, 59.0, 43.0, 75.0]]",EJT85,lesion,0.7221295221842988,0.3706341730570083
